"Alder i alt";"I alt";"Hele landet";5961249
"Alder i alt";"I alt";"1050 København K (Københavns Kommune)";22
"Alder i alt";"I alt";"1051 København K (Københavns Kommune)";417
"Alder i alt";"I alt";"1052 København K (Københavns Kommune)";408
"Alder i alt";"I alt";"1053 København K (Københavns Kommune)";353
"Alder i alt";"I alt";"1054 København K (Københavns Kommune)";389
"Alder i alt";"I alt";"1055 København K (Københavns Kommune)";325
"Alder i alt";"I alt";"1056 København K (Københavns Kommune)";51
"Alder i alt";"I alt";"1057 København K (Københavns Kommune)";291
"Alder i alt";"I alt";"1058 København K (Københavns Kommune)";204
"Alder i alt";"I alt";"1059 København K (Københavns Kommune)";19
"Alder i alt";"I alt";"1061 København K (Københavns Kommune)";10
"Alder i alt";"I alt";"1062 København K (Københavns Kommune)";20
"Alder i alt";"I alt";"1063 København K (Københavns Kommune)";131
"Alder i alt";"I alt";"1064 København K (Københavns Kommune)";6
"Alder i alt";"I alt";"1065 København K (Københavns Kommune)";29
"Alder i alt";"I alt";"1066 København K (Københavns Kommune)";60
"Alder i alt";"I alt";"1067 København K (Københavns Kommune)";93
"Alder i alt";"I alt";"1068 København K (Københavns Kommune)";32
"Alder i alt";"I alt";"1069 København K (Københavns Kommune)";43
"Alder i alt";"I alt";"1070 København K (Københavns Kommune)";58
"Alder i alt";"I alt";"1071 København K (Københavns Kommune)";61
"Alder i alt";"I alt";"1072 København K (Københavns Kommune)";6
"Alder i alt";"I alt";"1073 København K (Københavns Kommune)";5
"Alder i alt";"I alt";"1074 København K (Københavns Kommune)";19
"Alder i alt";"I alt";"1100 København K (Københavns Kommune)";25
"Alder i alt";"I alt";"1101 København K (Københavns Kommune)";73
"Alder i alt";"I alt";"1102 København K (Københavns Kommune)";2
"Alder i alt";"I alt";"1103 København K (Københavns Kommune)";4
"Alder i alt";"I alt";"1104 København K (Københavns Kommune)";90
"Alder i alt";"I alt";"1105 København K (Københavns Kommune)";0
"Alder i alt";"I alt";"1106 København K (Københavns Kommune)";11
"Alder i alt";"I alt";"1107 København K (Københavns Kommune)";109
"Alder i alt";"I alt";"1110 København K (Københavns Kommune)";92
"Alder i alt";"I alt";"1111 København K (Københavns Kommune)";70
"Alder i alt";"I alt";"1112 København K (Københavns Kommune)";184
"Alder i alt";"I alt";"1113 København K (Københavns Kommune)";65
"Alder i alt";"I alt";"1114 København K (Københavns Kommune)";101
"Alder i alt";"I alt";"1115 København K (Københavns Kommune)";36
"Alder i alt";"I alt";"1116 København K (Københavns Kommune)";47
"Alder i alt";"I alt";"1117 København K (Københavns Kommune)";68
"Alder i alt";"I alt";"1118 København K (Københavns Kommune)";10
"Alder i alt";"I alt";"1119 København K (Københavns Kommune)";76
"Alder i alt";"I alt";"1123 København K (Københavns Kommune)";889
"Alder i alt";"I alt";"1124 København K (Københavns Kommune)";169
"Alder i alt";"I alt";"1125 København K (Københavns Kommune)";32
"Alder i alt";"I alt";"1126 København K (Københavns Kommune)";6
"Alder i alt";"I alt";"1127 København K (Københavns Kommune)";89
"Alder i alt";"I alt";"1128 København K (Københavns Kommune)";28
"Alder i alt";"I alt";"1129 København K (Københavns Kommune)";56
"Alder i alt";"I alt";"1130 København K (Københavns Kommune)";107
"Alder i alt";"I alt";"1131 København K (Københavns Kommune)";39
"Alder i alt";"I alt";"1150 København K (Københavns Kommune)";291
"Alder i alt";"I alt";"1151 København K (Københavns Kommune)";96
"Alder i alt";"I alt";"1152 København K (Københavns Kommune)";72
"Alder i alt";"I alt";"1153 København K (Københavns Kommune)";70
"Alder i alt";"I alt";"1154 København K (Københavns Kommune)";123
"Alder i alt";"I alt";"1156 København K (Københavns Kommune)";24
"Alder i alt";"I alt";"1157 København K (Københavns Kommune)";91
"Alder i alt";"I alt";"1158 København K (Københavns Kommune)";4
"Alder i alt";"I alt";"1159 København K (Københavns Kommune)";347
"Alder i alt";"I alt";"1160 København K (Københavns Kommune)";33
"Alder i alt";"I alt";"1161 København K (Københavns Kommune)";37
"Alder i alt";"I alt";"1164 København K (Københavns Kommune)";44
"Alder i alt";"I alt";"1165 København K (Københavns Kommune)";266
"Alder i alt";"I alt";"1166 København K (Københavns Kommune)";4
"Alder i alt";"I alt";"1169 København K (Københavns Kommune)";298
"Alder i alt";"I alt";"1170 København K (Københavns Kommune)";17
"Alder i alt";"I alt";"1171 København K (Københavns Kommune)";340
"Alder i alt";"I alt";"1172 København K (Københavns Kommune)";115
"Alder i alt";"I alt";"1173 København K (Københavns Kommune)";159
"Alder i alt";"I alt";"1174 København K (Københavns Kommune)";187
"Alder i alt";"I alt";"1175 København K (Københavns Kommune)";29
"Alder i alt";"I alt";"1200 København K (Københavns Kommune)";53
"Alder i alt";"I alt";"1201 København K (Københavns Kommune)";89
"Alder i alt";"I alt";"1202 København K (Københavns Kommune)";48
"Alder i alt";"I alt";"1203 København K (Københavns Kommune)";75
"Alder i alt";"I alt";"1204 København K (Københavns Kommune)";50
"Alder i alt";"I alt";"1205 København K (Københavns Kommune)";52
"Alder i alt";"I alt";"1206 København K (Københavns Kommune)";34
"Alder i alt";"I alt";"1207 København K (Københavns Kommune)";48
"Alder i alt";"I alt";"1208 København K (Københavns Kommune)";154
"Alder i alt";"I alt";"1209 København K (Københavns Kommune)";152
"Alder i alt";"I alt";"1210 København K (Københavns Kommune)";124
"Alder i alt";"I alt";"1211 København K (Københavns Kommune)";80
"Alder i alt";"I alt";"1212 København K (Københavns Kommune)";0
"Alder i alt";"I alt";"1218 København K (Københavns Kommune)";16
"Alder i alt";"I alt";"1219 København K (Københavns Kommune)";11
"Alder i alt";"I alt";"1220 København K (Københavns Kommune)";116
"Alder i alt";"I alt";"1250 København K (Københavns Kommune)";91
"Alder i alt";"I alt";"1251 København K (Københavns Kommune)";56
"Alder i alt";"I alt";"1253 København K (Københavns Kommune)";643
"Alder i alt";"I alt";"1254 København K (Københavns Kommune)";232
"Alder i alt";"I alt";"1255 København K (Københavns Kommune)";87
"Alder i alt";"I alt";"1256 København K (Københavns Kommune)";398
"Alder i alt";"I alt";"1257 København K (Københavns Kommune)";19
"Alder i alt";"I alt";"1259 København K (Københavns Kommune)";1
"Alder i alt";"I alt";"1260 København K (Københavns Kommune)";348
"Alder i alt";"I alt";"1261 København K (Københavns Kommune)";75
"Alder i alt";"I alt";"1263 København K (Københavns Kommune)";200
"Alder i alt";"I alt";"1264 København K (Københavns Kommune)";1315
"Alder i alt";"I alt";"1265 København K (Københavns Kommune)";135
"Alder i alt";"I alt";"1266 København K (Københavns Kommune)";81
"Alder i alt";"I alt";"1267 København K (Københavns Kommune)";71
"Alder i alt";"I alt";"1268 København K (Københavns Kommune)";55
"Alder i alt";"I alt";"1270 København K (Københavns Kommune)";128
"Alder i alt";"I alt";"1271 København K (Københavns Kommune)";13
"Alder i alt";"I alt";"1300 København K (Københavns Kommune)";497
"Alder i alt";"I alt";"1302 København K (Københavns Kommune)";944
"Alder i alt";"I alt";"1303 København K (Københavns Kommune)";107
"Alder i alt";"I alt";"1304 København K (Københavns Kommune)";479
"Alder i alt";"I alt";"1306 København K (Københavns Kommune)";646
"Alder i alt";"I alt";"1307 København K (Københavns Kommune)";1682
"Alder i alt";"I alt";"1308 København K (Københavns Kommune)";294
"Alder i alt";"I alt";"1309 København K (Københavns Kommune)";164
"Alder i alt";"I alt";"1310 København K (Københavns Kommune)";712
"Alder i alt";"I alt";"1311 København K (Københavns Kommune)";382
"Alder i alt";"I alt";"1312 København K (Københavns Kommune)";19
"Alder i alt";"I alt";"1313 København K (Københavns Kommune)";255
"Alder i alt";"I alt";"1314 København K (Københavns Kommune)";86
"Alder i alt";"I alt";"1315 København K (Københavns Kommune)";46
"Alder i alt";"I alt";"1316 København K (Københavns Kommune)";243
"Alder i alt";"I alt";"1317 København K (Københavns Kommune)";41
"Alder i alt";"I alt";"1318 København K (Københavns Kommune)";51
"Alder i alt";"I alt";"1319 København K (Københavns Kommune)";268
"Alder i alt";"I alt";"1320 København K (Københavns Kommune)";65
"Alder i alt";"I alt";"1321 København K (Københavns Kommune)";21
"Alder i alt";"I alt";"1322 København K (Københavns Kommune)";110
"Alder i alt";"I alt";"1323 København K (Københavns Kommune)";33
"Alder i alt";"I alt";"1324 København K (Københavns Kommune)";102
"Alder i alt";"I alt";"1325 København K (Københavns Kommune)";114
"Alder i alt";"I alt";"1326 København K (Københavns Kommune)";42
"Alder i alt";"I alt";"1327 København K (Københavns Kommune)";29
"Alder i alt";"I alt";"1328 København K (Københavns Kommune)";52
"Alder i alt";"I alt";"1329 København K (Københavns Kommune)";21
"Alder i alt";"I alt";"1350 København K (Københavns Kommune)";311
"Alder i alt";"I alt";"1352 København K (Københavns Kommune)";483
"Alder i alt";"I alt";"1353 København K (Københavns Kommune)";81
"Alder i alt";"I alt";"1354 København K (Københavns Kommune)";531
"Alder i alt";"I alt";"1355 København K (Københavns Kommune)";423
"Alder i alt";"I alt";"1356 København K (Københavns Kommune)";155
"Alder i alt";"I alt";"1357 København K (Københavns Kommune)";160
"Alder i alt";"I alt";"1358 København K (Københavns Kommune)";388
"Alder i alt";"I alt";"1359 København K (Københavns Kommune)";243
"Alder i alt";"I alt";"1360 København K (Københavns Kommune)";714
"Alder i alt";"I alt";"1361 København K (Københavns Kommune)";323
"Alder i alt";"I alt";"1362 København K (Københavns Kommune)";371
"Alder i alt";"I alt";"1363 København K (Københavns Kommune)";497
"Alder i alt";"I alt";"1364 København K (Københavns Kommune)";986
"Alder i alt";"I alt";"1365 København K (Københavns Kommune)";213
"Alder i alt";"I alt";"1366 København K (Københavns Kommune)";1275
"Alder i alt";"I alt";"1367 København K (Københavns Kommune)";355
"Alder i alt";"I alt";"1368 København K (Københavns Kommune)";328
"Alder i alt";"I alt";"1369 København K (Københavns Kommune)";197
"Alder i alt";"I alt";"1370 København K (Københavns Kommune)";765
"Alder i alt";"I alt";"1400 København K (Københavns Kommune)";411
"Alder i alt";"I alt";"1401 København K (Københavns Kommune)";1034
"Alder i alt";"I alt";"1402 København K (Københavns Kommune)";301
"Alder i alt";"I alt";"1403 København K (Københavns Kommune)";11
"Alder i alt";"I alt";"1406 København K (Københavns Kommune)";41
"Alder i alt";"I alt";"1407 København K (Københavns Kommune)";123
"Alder i alt";"I alt";"1408 København K (Københavns Kommune)";602
"Alder i alt";"I alt";"1410 København K (Københavns Kommune)";25
"Alder i alt";"I alt";"1411 København K (Københavns Kommune)";518
"Alder i alt";"I alt";"1412 København K (Københavns Kommune)";38
"Alder i alt";"I alt";"1413 København K (Københavns Kommune)";90
"Alder i alt";"I alt";"1414 København K (Københavns Kommune)";253
"Alder i alt";"I alt";"1415 København K (Københavns Kommune)";715
"Alder i alt";"I alt";"1416 København K (Københavns Kommune)";464
"Alder i alt";"I alt";"1417 København K (Københavns Kommune)";86
"Alder i alt";"I alt";"1418 København K (Københavns Kommune)";266
"Alder i alt";"I alt";"1419 København K (Københavns Kommune)";17
"Alder i alt";"I alt";"1420 København K (Københavns Kommune)";651
"Alder i alt";"I alt";"1421 København K (Københavns Kommune)";31
"Alder i alt";"I alt";"1422 København K (Københavns Kommune)";848
"Alder i alt";"I alt";"1423 København K (Københavns Kommune)";87
"Alder i alt";"I alt";"1424 København K (Københavns Kommune)";374
"Alder i alt";"I alt";"1425 København K (Københavns Kommune)";263
"Alder i alt";"I alt";"1426 København K (Københavns Kommune)";145
"Alder i alt";"I alt";"1427 København K (Københavns Kommune)";226
"Alder i alt";"I alt";"1428 København K (Københavns Kommune)";448
"Alder i alt";"I alt";"1429 København K (Københavns Kommune)";505
"Alder i alt";"I alt";"1430 København K (Københavns Kommune)";410
"Alder i alt";"I alt";"1431 København K (Københavns Kommune)";0
"Alder i alt";"I alt";"1432 København K (Københavns Kommune)";2182
"Alder i alt";"I alt";"1433 København K (Københavns Kommune)";0
"Alder i alt";"I alt";"1434 København K (Københavns Kommune)";136
"Alder i alt";"I alt";"1435 København K (Københavns Kommune)";103
"Alder i alt";"I alt";"1436 København K (Københavns Kommune)";342
"Alder i alt";"I alt";"1437 København K (Københavns Kommune)";457
"Alder i alt";"I alt";"1439 København K (Københavns Kommune)";158
"Alder i alt";"I alt";"1440 København K (Københavns Kommune)";729
"Alder i alt";"I alt";"1441 København K (Københavns Kommune)";157
"Alder i alt";"I alt";"1450 København K (Københavns Kommune)";50
"Alder i alt";"I alt";"1451 København K (Københavns Kommune)";71
"Alder i alt";"I alt";"1452 København K (Københavns Kommune)";134
"Alder i alt";"I alt";"1453 København K (Københavns Kommune)";324
"Alder i alt";"I alt";"1454 København K (Københavns Kommune)";170
"Alder i alt";"I alt";"1455 København K (Københavns Kommune)";320
"Alder i alt";"I alt";"1456 København K (Københavns Kommune)";134
"Alder i alt";"I alt";"1457 København K (Københavns Kommune)";8
"Alder i alt";"I alt";"1458 København K (Københavns Kommune)";73
"Alder i alt";"I alt";"1459 København K (Københavns Kommune)";46
"Alder i alt";"I alt";"1460 København K (Københavns Kommune)";68
"Alder i alt";"I alt";"1462 København K (Københavns Kommune)";87
"Alder i alt";"I alt";"1463 København K (Københavns Kommune)";27
"Alder i alt";"I alt";"1464 København K (Københavns Kommune)";9
"Alder i alt";"I alt";"1466 København K (Københavns Kommune)";105
"Alder i alt";"I alt";"1467 København K (Københavns Kommune)";53
"Alder i alt";"I alt";"1468 København K (Københavns Kommune)";120
"Alder i alt";"I alt";"1470 København K (Københavns Kommune)";76
"Alder i alt";"I alt";"1471 København K (Københavns Kommune)";38
"Alder i alt";"I alt";"1472 København K (Københavns Kommune)";68
"Alder i alt";"I alt";"1473 København K (Københavns Kommune)";26
"Alder i alt";"I alt";"1500 København V (Københavns Kommune)";0
"Alder i alt";"I alt";"1550 København V (Københavns Kommune)";7
"Alder i alt";"I alt";"1551 København V (Københavns Kommune)";0
"Alder i alt";"I alt";"1552 København V (Københavns Kommune)";384
"Alder i alt";"I alt";"1553 København V (Københavns Kommune)";412
"Alder i alt";"I alt";"1554 København V (Københavns Kommune)";0
"Alder i alt";"I alt";"1555 København V (Københavns Kommune)";18
"Alder i alt";"I alt";"1556 København V (Københavns Kommune)";49
"Alder i alt";"I alt";"1557 København V (Københavns Kommune)";85
"Alder i alt";"I alt";"1558 København V (Københavns Kommune)";58
"Alder i alt";"I alt";"1559 København V (Københavns Kommune)";30
"Alder i alt";"I alt";"1560 København V (Københavns Kommune)";5
"Alder i alt";"I alt";"1561 København V (Københavns Kommune)";683
"Alder i alt";"I alt";"1562 København V (Københavns Kommune)";36
"Alder i alt";"I alt";"1563 København V (Københavns Kommune)";18
"Alder i alt";"I alt";"1564 København V (Københavns Kommune)";115
"Alder i alt";"I alt";"1568 København V (Københavns Kommune)";65
"Alder i alt";"I alt";"1569 København V (Københavns Kommune)";88
"Alder i alt";"I alt";"1570 København V (Københavns Kommune)";0
"Alder i alt";"I alt";"1571 København V (Københavns Kommune)";35
"Alder i alt";"I alt";"1572 København V (Københavns Kommune)";113
"Alder i alt";"I alt";"1573 København V (Københavns Kommune)";349
"Alder i alt";"I alt";"1574 København V (Københavns Kommune)";81
"Alder i alt";"I alt";"1575 København V (Københavns Kommune)";24
"Alder i alt";"I alt";"1576 København V (Københavns Kommune)";56
"Alder i alt";"I alt";"1577 København V (Københavns Kommune)";593
"Alder i alt";"I alt";"1600 København V (Københavns Kommune)";27
"Alder i alt";"I alt";"1601 København V (Københavns Kommune)";517
"Alder i alt";"I alt";"1602 København V (Københavns Kommune)";31
"Alder i alt";"I alt";"1603 København V (Københavns Kommune)";73
"Alder i alt";"I alt";"1605 København V (Københavns Kommune)";37
"Alder i alt";"I alt";"1606 København V (Københavns Kommune)";154
"Alder i alt";"I alt";"1608 København V (Københavns Kommune)";30
"Alder i alt";"I alt";"1609 København V (Københavns Kommune)";2
"Alder i alt";"I alt";"1610 København V (Københavns Kommune)";658
"Alder i alt";"I alt";"1611 København V (Københavns Kommune)";0
"Alder i alt";"I alt";"1614 København V (Københavns Kommune)";36
"Alder i alt";"I alt";"1615 København V (Københavns Kommune)";235
"Alder i alt";"I alt";"1616 København V (Københavns Kommune)";116
"Alder i alt";"I alt";"1617 København V (Københavns Kommune)";150
"Alder i alt";"I alt";"1618 København V (Københavns Kommune)";284
"Alder i alt";"I alt";"1619 København V (Københavns Kommune)";139
"Alder i alt";"I alt";"1620 København V (Københavns Kommune)";3213
"Alder i alt";"I alt";"1621 København V (Københavns Kommune)";121
"Alder i alt";"I alt";"1622 København V (Københavns Kommune)";196
"Alder i alt";"I alt";"1623 København V (Københavns Kommune)";128
"Alder i alt";"I alt";"1624 København V (Københavns Kommune)";177
"Alder i alt";"I alt";"1631 København V (Københavns Kommune)";197
"Alder i alt";"I alt";"1632 København V (Københavns Kommune)";140
"Alder i alt";"I alt";"1633 København V (Københavns Kommune)";103
"Alder i alt";"I alt";"1634 København V (Københavns Kommune)";175
"Alder i alt";"I alt";"1635 København V (Københavns Kommune)";151
"Alder i alt";"I alt";"1650 København V (Københavns Kommune)";1528
"Alder i alt";"I alt";"1651 København V (Københavns Kommune)";349
"Alder i alt";"I alt";"1652 København V (Københavns Kommune)";286
"Alder i alt";"I alt";"1653 København V (Københavns Kommune)";243
"Alder i alt";"I alt";"1654 København V (Københavns Kommune)";436
"Alder i alt";"I alt";"1655 København V (Københavns Kommune)";523
"Alder i alt";"I alt";"1656 København V (Københavns Kommune)";687
"Alder i alt";"I alt";"1657 København V (Københavns Kommune)";514
"Alder i alt";"I alt";"1658 København V (Københavns Kommune)";865
"Alder i alt";"I alt";"1659 København V (Københavns Kommune)";47
"Alder i alt";"I alt";"1660 København V (Københavns Kommune)";722
"Alder i alt";"I alt";"1661 København V (Københavns Kommune)";430
"Alder i alt";"I alt";"1662 København V (Københavns Kommune)";942
"Alder i alt";"I alt";"1663 København V (Københavns Kommune)";1543
"Alder i alt";"I alt";"1664 København V (Københavns Kommune)";110
"Alder i alt";"I alt";"1665 København V (Københavns Kommune)";1258
"Alder i alt";"I alt";"1666 København V (Københavns Kommune)";692
"Alder i alt";"I alt";"1667 København V (Københavns Kommune)";161
"Alder i alt";"I alt";"1668 København V (Københavns Kommune)";429
"Alder i alt";"I alt";"1669 København V (Københavns Kommune)";750
"Alder i alt";"I alt";"1670 København V (Københavns Kommune)";373
"Alder i alt";"I alt";"1671 København V (Københavns Kommune)";543
"Alder i alt";"I alt";"1672 København V (Københavns Kommune)";150
"Alder i alt";"I alt";"1673 København V (Københavns Kommune)";148
"Alder i alt";"I alt";"1674 København V (Københavns Kommune)";1226
"Alder i alt";"I alt";"1675 København V (Københavns Kommune)";122
"Alder i alt";"I alt";"1676 København V (Københavns Kommune)";358
"Alder i alt";"I alt";"1677 København V (Københavns Kommune)";142
"Alder i alt";"I alt";"1700 København V (Københavns Kommune)";581
"Alder i alt";"I alt";"1701 København V (Københavns Kommune)";117
"Alder i alt";"I alt";"1702 København V (Københavns Kommune)";143
"Alder i alt";"I alt";"1703 København V (Københavns Kommune)";191
"Alder i alt";"I alt";"1704 København V (Københavns Kommune)";127
"Alder i alt";"I alt";"1705 København V (Københavns Kommune)";950
"Alder i alt";"I alt";"1706 København V (Københavns Kommune)";150
"Alder i alt";"I alt";"1707 København V (Københavns Kommune)";61
"Alder i alt";"I alt";"1708 København V (Københavns Kommune)";200
"Alder i alt";"I alt";"1709 København V (Københavns Kommune)";683
"Alder i alt";"I alt";"1710 København V (Københavns Kommune)";24
"Alder i alt";"I alt";"1715 København V (Københavns Kommune)";0
"Alder i alt";"I alt";"1717 København V (Københavns Kommune)";238
"Alder i alt";"I alt";"1718 København V (Københavns Kommune)";635
"Alder i alt";"I alt";"1719 København V (Københavns Kommune)";586
"Alder i alt";"I alt";"1720 København V (Københavns Kommune)";1983
"Alder i alt";"I alt";"1721 København V (Københavns Kommune)";899
"Alder i alt";"I alt";"1722 København V (Københavns Kommune)";476
"Alder i alt";"I alt";"1723 København V (Københavns Kommune)";107
"Alder i alt";"I alt";"1724 København V (Københavns Kommune)";114
"Alder i alt";"I alt";"1725 København V (Københavns Kommune)";350
"Alder i alt";"I alt";"1726 København V (Københavns Kommune)";430
"Alder i alt";"I alt";"1727 København V (Københavns Kommune)";337
"Alder i alt";"I alt";"1728 København V (Københavns Kommune)";278
"Alder i alt";"I alt";"1729 København V (Københavns Kommune)";221
"Alder i alt";"I alt";"1730 København V (Københavns Kommune)";169
"Alder i alt";"I alt";"1731 København V (Københavns Kommune)";97
"Alder i alt";"I alt";"1732 København V (Københavns Kommune)";119
"Alder i alt";"I alt";"1733 København V (Københavns Kommune)";111
"Alder i alt";"I alt";"1734 København V (Københavns Kommune)";116
"Alder i alt";"I alt";"1735 København V (Københavns Kommune)";212
"Alder i alt";"I alt";"1736 København V (Københavns Kommune)";194
"Alder i alt";"I alt";"1737 København V (Københavns Kommune)";241
"Alder i alt";"I alt";"1738 København V (Københavns Kommune)";227
"Alder i alt";"I alt";"1739 København V (Københavns Kommune)";91
"Alder i alt";"I alt";"1748 København V (Københavns Kommune)";0
"Alder i alt";"I alt";"1749 København V (Københavns Kommune)";221
"Alder i alt";"I alt";"1750 København V (Københavns Kommune)";842
"Alder i alt";"I alt";"1751 København V (Københavns Kommune)";403
"Alder i alt";"I alt";"1752 København V (Københavns Kommune)";326
"Alder i alt";"I alt";"1753 København V (Københavns Kommune)";76
"Alder i alt";"I alt";"1754 København V (Københavns Kommune)";575
"Alder i alt";"I alt";"1755 København V (Københavns Kommune)";102
"Alder i alt";"I alt";"1756 København V (Københavns Kommune)";411
"Alder i alt";"I alt";"1757 København V (Københavns Kommune)";191
"Alder i alt";"I alt";"1758 København V (Københavns Kommune)";338
"Alder i alt";"I alt";"1759 København V (Københavns Kommune)";27
"Alder i alt";"I alt";"1760 København V (Københavns Kommune)";658
"Alder i alt";"I alt";"1761 København V (Københavns Kommune)";374
"Alder i alt";"I alt";"1762 København V (Københavns Kommune)";395
"Alder i alt";"I alt";"1763 København V (Københavns Kommune)";540
"Alder i alt";"I alt";"1764 København V (Københavns Kommune)";251
"Alder i alt";"I alt";"1765 København V (Københavns Kommune)";158
"Alder i alt";"I alt";"1766 København V (Københavns Kommune)";46
"Alder i alt";"I alt";"1770 København V (Københavns Kommune)";188
"Alder i alt";"I alt";"1771 København V (Københavns Kommune)";51
"Alder i alt";"I alt";"1772 København V (Københavns Kommune)";51
"Alder i alt";"I alt";"1773 København V (Københavns Kommune)";56
"Alder i alt";"I alt";"1774 København V (Københavns Kommune)";127
"Alder i alt";"I alt";"1775 København V (Københavns Kommune)";45
"Alder i alt";"I alt";"1777 København V (Københavns Kommune)";130
"Alder i alt";"I alt";"1799 København V (Københavns Kommune)";4137
"Alder i alt";"I alt";"1800 Frederiksberg C (Frederiksberg Kommune)";715
"Alder i alt";"I alt";"1801 Frederiksberg C (Frederiksberg Kommune)";364
"Alder i alt";"I alt";"1802 Frederiksberg C (Frederiksberg Kommune)";234
"Alder i alt";"I alt";"1803 Frederiksberg C (Frederiksberg Kommune)";94
"Alder i alt";"I alt";"1804 Frederiksberg C (Frederiksberg Kommune)";268
"Alder i alt";"I alt";"1805 Frederiksberg C (Frederiksberg Kommune)";28
"Alder i alt";"I alt";"1806 Frederiksberg C (Frederiksberg Kommune)";191
"Alder i alt";"I alt";"1807 Frederiksberg C (Frederiksberg Kommune)";197
"Alder i alt";"I alt";"1808 Frederiksberg C (Frederiksberg Kommune)";120
"Alder i alt";"I alt";"1809 Frederiksberg C (Frederiksberg Kommune)";222
"Alder i alt";"I alt";"1810 Frederiksberg C (Frederiksberg Kommune)";747
"Alder i alt";"I alt";"1811 Frederiksberg C (Frederiksberg Kommune)";57
"Alder i alt";"I alt";"1812 Frederiksberg C (Frederiksberg Kommune)";468
"Alder i alt";"I alt";"1813 Frederiksberg C (Frederiksberg Kommune)";602
"Alder i alt";"I alt";"1814 Frederiksberg C (Frederiksberg Kommune)";437
"Alder i alt";"I alt";"1815 Frederiksberg C (Frederiksberg Kommune)";240
"Alder i alt";"I alt";"1816 Frederiksberg C (Frederiksberg Kommune)";151
"Alder i alt";"I alt";"1817 Frederiksberg C (Frederiksberg Kommune)";449
"Alder i alt";"I alt";"1818 Frederiksberg C (Frederiksberg Kommune)";133
"Alder i alt";"I alt";"1819 Frederiksberg C (Frederiksberg Kommune)";167
"Alder i alt";"I alt";"1820 Frederiksberg C (Frederiksberg Kommune)";1351
"Alder i alt";"I alt";"1822 Frederiksberg C (Frederiksberg Kommune)";90
"Alder i alt";"I alt";"1823 Frederiksberg C (Frederiksberg Kommune)";79
"Alder i alt";"I alt";"1824 Frederiksberg C (Frederiksberg Kommune)";341
"Alder i alt";"I alt";"1825 Frederiksberg C (Frederiksberg Kommune)";120
"Alder i alt";"I alt";"1826 Frederiksberg C (Frederiksberg Kommune)";165
"Alder i alt";"I alt";"1827 Frederiksberg C (Frederiksberg Kommune)";349
"Alder i alt";"I alt";"1828 Frederiksberg C (Frederiksberg Kommune)";279
"Alder i alt";"I alt";"1829 Frederiksberg C (Frederiksberg Kommune)";319
"Alder i alt";"I alt";"1850 Frederiksberg C (Frederiksberg Kommune)";1849
"Alder i alt";"I alt";"1851 Frederiksberg C (Frederiksberg Kommune)";421
"Alder i alt";"I alt";"1852 Frederiksberg C (Frederiksberg Kommune)";211
"Alder i alt";"I alt";"1853 Frederiksberg C (Frederiksberg Kommune)";363
"Alder i alt";"I alt";"1854 Frederiksberg C (Frederiksberg Kommune)";279
"Alder i alt";"I alt";"1855 Frederiksberg C (Frederiksberg Kommune)";405
"Alder i alt";"I alt";"1856 Frederiksberg C (Frederiksberg Kommune)";120
"Alder i alt";"I alt";"1857 Frederiksberg C (Frederiksberg Kommune)";63
"Alder i alt";"I alt";"1860 Frederiksberg C (Frederiksberg Kommune)";227
"Alder i alt";"I alt";"1861 Frederiksberg C (Frederiksberg Kommune)";184
"Alder i alt";"I alt";"1862 Frederiksberg C (Frederiksberg Kommune)";138
"Alder i alt";"I alt";"1863 Frederiksberg C (Frederiksberg Kommune)";96
"Alder i alt";"I alt";"1864 Frederiksberg C (Frederiksberg Kommune)";620
"Alder i alt";"I alt";"1865 Frederiksberg C (Frederiksberg Kommune)";71
"Alder i alt";"I alt";"1866 Frederiksberg C (Frederiksberg Kommune)";181
"Alder i alt";"I alt";"1867 Frederiksberg C (Frederiksberg Kommune)";23
"Alder i alt";"I alt";"1868 Frederiksberg C (Frederiksberg Kommune)";277
"Alder i alt";"I alt";"1870 Frederiksberg C (Frederiksberg Kommune)";681
"Alder i alt";"I alt";"1871 Frederiksberg C (Frederiksberg Kommune)";617
"Alder i alt";"I alt";"1872 Frederiksberg C (Frederiksberg Kommune)";80
"Alder i alt";"I alt";"1873 Frederiksberg C (Frederiksberg Kommune)";39
"Alder i alt";"I alt";"1874 Frederiksberg C (Frederiksberg Kommune)";458
"Alder i alt";"I alt";"1875 Frederiksberg C (Frederiksberg Kommune)";225
"Alder i alt";"I alt";"1876 Frederiksberg C (Frederiksberg Kommune)";108
"Alder i alt";"I alt";"1877 Frederiksberg C (Frederiksberg Kommune)";51
"Alder i alt";"I alt";"1878 Frederiksberg C (Frederiksberg Kommune)";88
"Alder i alt";"I alt";"1879 Frederiksberg C (Frederiksberg Kommune)";1557
"Alder i alt";"I alt";"1900 Frederiksberg C (Frederiksberg Kommune)";991
"Alder i alt";"I alt";"1901 Frederiksberg C (Frederiksberg Kommune)";33
"Alder i alt";"I alt";"1902 Frederiksberg C (Frederiksberg Kommune)";819
"Alder i alt";"I alt";"1903 Frederiksberg C (Frederiksberg Kommune)";337
"Alder i alt";"I alt";"1904 Frederiksberg C (Frederiksberg Kommune)";799
"Alder i alt";"I alt";"1905 Frederiksberg C (Frederiksberg Kommune)";259
"Alder i alt";"I alt";"1906 Frederiksberg C (Frederiksberg Kommune)";139
"Alder i alt";"I alt";"1908 Frederiksberg C (Frederiksberg Kommune)";286
"Alder i alt";"I alt";"1909 Frederiksberg C (Frederiksberg Kommune)";782
"Alder i alt";"I alt";"1910 Frederiksberg C (Frederiksberg Kommune)";215
"Alder i alt";"I alt";"1911 Frederiksberg C (Frederiksberg Kommune)";390
"Alder i alt";"I alt";"1912 Frederiksberg C (Frederiksberg Kommune)";262
"Alder i alt";"I alt";"1913 Frederiksberg C (Frederiksberg Kommune)";221
"Alder i alt";"I alt";"1914 Frederiksberg C (Frederiksberg Kommune)";134
"Alder i alt";"I alt";"1915 Frederiksberg C (Frederiksberg Kommune)";337
"Alder i alt";"I alt";"1916 Frederiksberg C (Frederiksberg Kommune)";178
"Alder i alt";"I alt";"1917 Frederiksberg C (Frederiksberg Kommune)";124
"Alder i alt";"I alt";"1920 Frederiksberg C (Frederiksberg Kommune)";525
"Alder i alt";"I alt";"1921 Frederiksberg C (Frederiksberg Kommune)";77
"Alder i alt";"I alt";"1922 Frederiksberg C (Frederiksberg Kommune)";91
"Alder i alt";"I alt";"1923 Frederiksberg C (Frederiksberg Kommune)";206
"Alder i alt";"I alt";"1924 Frederiksberg C (Frederiksberg Kommune)";173
"Alder i alt";"I alt";"1925 Frederiksberg C (Frederiksberg Kommune)";37
"Alder i alt";"I alt";"1926 Frederiksberg C (Frederiksberg Kommune)";37
"Alder i alt";"I alt";"1927 Frederiksberg C (Frederiksberg Kommune)";61
"Alder i alt";"I alt";"1928 Frederiksberg C (Frederiksberg Kommune)";15
"Alder i alt";"I alt";"1950 Frederiksberg C (Frederiksberg Kommune)";471
"Alder i alt";"I alt";"1951 Frederiksberg C (Frederiksberg Kommune)";170
"Alder i alt";"I alt";"1952 Frederiksberg C (Frederiksberg Kommune)";316
"Alder i alt";"I alt";"1953 Frederiksberg C (Frederiksberg Kommune)";412
"Alder i alt";"I alt";"1954 Frederiksberg C (Frederiksberg Kommune)";1165
"Alder i alt";"I alt";"1955 Frederiksberg C (Frederiksberg Kommune)";351
"Alder i alt";"I alt";"1956 Frederiksberg C (Frederiksberg Kommune)";364
"Alder i alt";"I alt";"1957 Frederiksberg C (Frederiksberg Kommune)";398
"Alder i alt";"I alt";"1958 Frederiksberg C (Frederiksberg Kommune)";306
"Alder i alt";"I alt";"1959 Frederiksberg C (Frederiksberg Kommune)";75
"Alder i alt";"I alt";"1960 Frederiksberg C (Frederiksberg Kommune)";330
"Alder i alt";"I alt";"1961 Frederiksberg C (Frederiksberg Kommune)";386
"Alder i alt";"I alt";"1962 Frederiksberg C (Frederiksberg Kommune)";184
"Alder i alt";"I alt";"1963 Frederiksberg C (Frederiksberg Kommune)";162
"Alder i alt";"I alt";"1964 Frederiksberg C (Frederiksberg Kommune)";429
"Alder i alt";"I alt";"1965 Frederiksberg C (Frederiksberg Kommune)";78
"Alder i alt";"I alt";"1966 Frederiksberg C (Frederiksberg Kommune)";244
"Alder i alt";"I alt";"1967 Frederiksberg C (Frederiksberg Kommune)";209
"Alder i alt";"I alt";"1970 Frederiksberg C (Frederiksberg Kommune)";530
"Alder i alt";"I alt";"1971 Frederiksberg C (Frederiksberg Kommune)";144
"Alder i alt";"I alt";"1972 Frederiksberg C (Frederiksberg Kommune)";372
"Alder i alt";"I alt";"1973 Frederiksberg C (Frederiksberg Kommune)";297
"Alder i alt";"I alt";"1974 Frederiksberg C (Frederiksberg Kommune)";26
"Alder i alt";"I alt";"2000 Frederiksberg (Københavns Kommune, Frederiksberg Kommune)";70947
"Alder i alt";"I alt";"2100 København Ø (Københavns Kommune)";91440
"Alder i alt";"I alt";"2150 Nordhavn (Københavns Kommune)";3820
"Alder i alt";"I alt";"2200 København N (Københavns Kommune, Frederiksberg Kommune)";76616
"Alder i alt";"I alt";"2300 København S (Københavns Kommune, Tårnby Kommune)";151081
"Alder i alt";"I alt";"2400 København NV (Københavns Kommune)";53913
"Alder i alt";"I alt";"2450 København SV (Københavns Kommune)";37318
"Alder i alt";"I alt";"2500 Valby (Københavns Kommune)";64863
"Alder i alt";"I alt";"2600 Glostrup (Glostrup Kommune, Albertslund Kommune)";25942
"Alder i alt";"I alt";"2605 Brøndby (Brøndby Kommune, Glostrup Kommune)";24862
"Alder i alt";"I alt";"2610 Rødovre (Københavns Kommune, Hvidovre Kommune, Rødovre Kommune)";44834
"Alder i alt";"I alt";"2620 Albertslund (Albertslund Kommune)";25320
"Alder i alt";"I alt";"2625 Vallensbæk (Vallensbæk Kommune)";6450
"Alder i alt";"I alt";"2630 Taastrup (Høje-Taastrup Kommune)";39701
"Alder i alt";"I alt";"2635 Ishøj (Ishøj Kommune)";23588
"Alder i alt";"I alt";"2640 Hedehusene (Høje-Taastrup Kommune, Ishøj Kommune, Greve Kommune, Roskilde Kommune)";17757
"Alder i alt";"I alt";"2650 Hvidovre (Brøndby Kommune, Hvidovre Kommune)";53169
"Alder i alt";"I alt";"2660 Brøndby Strand (Brøndby Kommune, Hvidovre Kommune)";14137
"Alder i alt";"I alt";"2665 Vallensbæk Strand (Vallensbæk Kommune)";11348
"Alder i alt";"I alt";"2670 Greve (Greve Kommune)";37049
"Alder i alt";"I alt";"2680 Solrød Strand (Solrød Kommune)";19255
"Alder i alt";"I alt";"2690 Karlslunde (Greve Kommune, Solrød Kommune)";9582
"Alder i alt";"I alt";"2700 Brønshøj (Københavns Kommune)";45872
"Alder i alt";"I alt";"2720 Vanløse (Københavns Kommune, Frederiksberg Kommune)";33114
"Alder i alt";"I alt";"2730 Herlev (Ballerup Kommune, Gladsaxe Kommune, Herlev Kommune)";29953
"Alder i alt";"I alt";"2740 Skovlunde (Ballerup Kommune, Herlev Kommune)";13227
"Alder i alt";"I alt";"2750 Ballerup (Ballerup Kommune, Albertslund Kommune, Egedal Kommune)";32058
"Alder i alt";"I alt";"2760 Måløv (Ballerup Kommune)";5573
"Alder i alt";"I alt";"2765 Smørum (Egedal Kommune)";12457
"Alder i alt";"I alt";"2770 Kastrup (Københavns Kommune, Tårnby Kommune)";40999
"Alder i alt";"I alt";"2791 Dragør (Dragør Kommune, Tårnby Kommune)";17505
"Alder i alt";"I alt";"2800 Kgs. Lyngby (Gentofte Kommune, Gladsaxe Kommune, Lyngby-Taarbæk Kommune, Rudersdal Kommune)";43637
"Alder i alt";"I alt";"2820 Gentofte (Gentofte Kommune, Gladsaxe Kommune)";23458
"Alder i alt";"I alt";"2830 Virum (Lyngby-Taarbæk Kommune, Rudersdal Kommune)";21940
"Alder i alt";"I alt";"2840 Holte (Lyngby-Taarbæk Kommune, Rudersdal Kommune)";15334
"Alder i alt";"I alt";"2850 Nærum (Rudersdal Kommune)";7890
"Alder i alt";"I alt";"2860 Søborg (Københavns Kommune, Gladsaxe Kommune)";43943
"Alder i alt";"I alt";"2870 Dyssegård (Gentofte Kommune)";6219
"Alder i alt";"I alt";"2880 Bagsværd (Gladsaxe Kommune, Herlev Kommune, Furesø Kommune)";18361
"Alder i alt";"I alt";"2900 Hellerup (Københavns Kommune, Gentofte Kommune)";24845
"Alder i alt";"I alt";"2920 Charlottenlund (Gentofte Kommune)";21544
"Alder i alt";"I alt";"2930 Klampenborg (Gentofte Kommune, Lyngby-Taarbæk Kommune)";4447
"Alder i alt";"I alt";"2942 Skodsborg (Rudersdal Kommune)";1702
"Alder i alt";"I alt";"2950 Vedbæk (Hørsholm Kommune, Rudersdal Kommune)";8730
"Alder i alt";"I alt";"2960 Rungsted Kyst (Hørsholm Kommune)";5844
"Alder i alt";"I alt";"2970 Hørsholm (Fredensborg Kommune, Hørsholm Kommune, Rudersdal Kommune)";20240
"Alder i alt";"I alt";"2980 Kokkedal (Fredensborg Kommune, Hørsholm Kommune)";11115
"Alder i alt";"I alt";"2990 Nivå (Fredensborg Kommune)";9216
"Alder i alt";"I alt";"3000 Helsingør (Helsingør Kommune)";31092
"Alder i alt";"I alt";"3050 Humlebæk (Fredensborg Kommune, Helsingør Kommune)";9854
"Alder i alt";"I alt";"3060 Espergærde (Fredensborg Kommune, Helsingør Kommune)";12379
"Alder i alt";"I alt";"3070 Snekkersten (Helsingør Kommune)";5451
"Alder i alt";"I alt";"3080 Tikøb (Helsingør Kommune)";1457
"Alder i alt";"I alt";"3100 Hornbæk (Helsingør Kommune, Gribskov Kommune)";5650
"Alder i alt";"I alt";"3120 Dronningmølle (Gribskov Kommune)";1410
"Alder i alt";"I alt";"3140 Ålsgårde (Helsingør Kommune)";5307
"Alder i alt";"I alt";"3150 Hellebæk (Helsingør Kommune)";804
"Alder i alt";"I alt";"3200 Helsinge (Hillerød Kommune, Gribskov Kommune)";16289
"Alder i alt";"I alt";"3210 Vejby (Gribskov Kommune)";3060
"Alder i alt";"I alt";"3220 Tisvildeleje (Gribskov Kommune)";1616
"Alder i alt";"I alt";"3230 Græsted (Helsingør Kommune, Hillerød Kommune, Gribskov Kommune)";9728
"Alder i alt";"I alt";"3250 Gilleleje (Gribskov Kommune)";9518
"Alder i alt";"I alt";"3300 Frederiksværk (Halsnæs Kommune, Gribskov Kommune)";16176
"Alder i alt";"I alt";"3310 Ølsted (Hillerød Kommune, Halsnæs Kommune)";3287
"Alder i alt";"I alt";"3320 Skævinge (Hillerød Kommune, Halsnæs Kommune)";5601
"Alder i alt";"I alt";"3330 Gørløse (Hillerød Kommune)";1566
"Alder i alt";"I alt";"3360 Liseleje (Halsnæs Kommune)";1359
"Alder i alt";"I alt";"3370 Melby (Halsnæs Kommune)";1562
"Alder i alt";"I alt";"3390 Hundested (Halsnæs Kommune)";9527
"Alder i alt";"I alt";"3400 Hillerød (Allerød Kommune, Fredensborg Kommune, Hillerød Kommune)";43462
"Alder i alt";"I alt";"3450 Allerød (Allerød Kommune, Fredensborg Kommune, Hillerød Kommune)";20753
"Alder i alt";"I alt";"3460 Birkerød (Furesø Kommune, Allerød Kommune, Rudersdal Kommune)";22136
"Alder i alt";"I alt";"3480 Fredensborg (Fredensborg Kommune, Helsingør Kommune, Hillerød Kommune)";13290
"Alder i alt";"I alt";"3490 Kvistgård (Fredensborg Kommune, Helsingør Kommune)";1667
"Alder i alt";"I alt";"3500 Værløse (Ballerup Kommune, Gladsaxe Kommune, Lyngby-Taarbæk Kommune, Furesø Kommune, Egedal Kommune)";21825
"Alder i alt";"I alt";"3520 Farum (Furesø Kommune, Allerød Kommune, Egedal Kommune)";20781
"Alder i alt";"I alt";"3540 Lynge (Furesø Kommune, Allerød Kommune, Hillerød Kommune, Egedal Kommune)";5106
"Alder i alt";"I alt";"3550 Slangerup (Allerød Kommune, Hillerød Kommune, Egedal Kommune, Frederikssund Kommune)";9784
"Alder i alt";"I alt";"3600 Frederikssund (Hillerød Kommune, Frederikssund Kommune, Halsnæs Kommune)";21919
"Alder i alt";"I alt";"3630 Jægerspris (Frederikssund Kommune)";9526
"Alder i alt";"I alt";"3650 Ølstykke (Egedal Kommune, Frederikssund Kommune)";17649
"Alder i alt";"I alt";"3660 Stenløse (Egedal Kommune)";12173
"Alder i alt";"I alt";"3670 Veksø Sjælland (Egedal Kommune, Roskilde Kommune)";2856
"Alder i alt";"I alt";"3700 Rønne (Bornholm Kommune)";17391
"Alder i alt";"I alt";"3720 Aakirkeby (Bornholm Kommune)";4829
"Alder i alt";"I alt";"3730 Nexø (Bornholm Kommune)";5717
"Alder i alt";"I alt";"3740 Svaneke (Bornholm Kommune)";1927
"Alder i alt";"I alt";"3751 Østermarie (Bornholm Kommune)";1331
"Alder i alt";"I alt";"3760 Gudhjem (Bornholm Kommune, Christiansø Kommune)";2098
"Alder i alt";"I alt";"3770 Allinge (Bornholm Kommune)";2652
"Alder i alt";"I alt";"3782 Klemensker (Bornholm Kommune)";1103
"Alder i alt";"I alt";"3790 Hasle (Bornholm Kommune)";2375
"Alder i alt";"I alt";"4000 Roskilde (Høje-Taastrup Kommune, Greve Kommune, Køge Kommune, Roskilde Kommune, Lejre Kommune)";73887
"Alder i alt";"I alt";"4030 Tune (Greve Kommune, Roskilde Kommune)";5737
"Alder i alt";"I alt";"4040 Jyllinge (Roskilde Kommune)";10801
"Alder i alt";"I alt";"4050 Skibby (Frederikssund Kommune)";7186
"Alder i alt";"I alt";"4060 Kirke Såby (Lejre Kommune)";3981
"Alder i alt";"I alt";"4070 Kirke Hyllinge (Lejre Kommune)";8230
"Alder i alt";"I alt";"4100 Ringsted (Køge Kommune, Holbæk Kommune, Faxe Kommune, Ringsted Kommune, Sorø Kommune, Næstved Kommune)";35094
"Alder i alt";"I alt";"4130 Viby Sjælland (Køge Kommune, Roskilde Kommune)";6338
"Alder i alt";"I alt";"4140 Borup (Køge Kommune, Roskilde Kommune, Ringsted Kommune, Lejre Kommune)";6686
"Alder i alt";"I alt";"4160 Herlufmagle (Faxe Kommune, Næstved Kommune)";4944
"Alder i alt";"I alt";"4171 Glumsø (Næstved Kommune)";3840
"Alder i alt";"I alt";"4173 Fjenneslev (Ringsted Kommune, Sorø Kommune)";2199
"Alder i alt";"I alt";"4174 Jystrup Midtsj (Køge Kommune, Ringsted Kommune)";1667
"Alder i alt";"I alt";"4180 Sorø (Ringsted Kommune, Slagelse Kommune, Sorø Kommune)";15794
"Alder i alt";"I alt";"4190 Munke Bjergby (Slagelse Kommune, Sorø Kommune)";904
"Alder i alt";"I alt";"4200 Slagelse (Kalundborg Kommune, Slagelse Kommune, Sorø Kommune, Næstved Kommune)";46942
"Alder i alt";"I alt";"4220 Korsør (Slagelse Kommune)";17206
"Alder i alt";"I alt";"4230 Skælskør (Slagelse Kommune)";8452
"Alder i alt";"I alt";"4241 Vemmelev (Slagelse Kommune)";3427
"Alder i alt";"I alt";"4242 Boeslunde (Slagelse Kommune)";1177
"Alder i alt";"I alt";"4243 Rude (Slagelse Kommune, Næstved Kommune)";1104
"Alder i alt";"I alt";"4244 Agersø (Slagelse Kommune)";195
"Alder i alt";"I alt";"4245 Omø (Slagelse Kommune)";151
"Alder i alt";"I alt";"4250 Fuglebjerg (Slagelse Kommune, Næstved Kommune)";4113
"Alder i alt";"I alt";"4261 Dalmose (Slagelse Kommune, Næstved Kommune)";2033
"Alder i alt";"I alt";"4262 Sandved (Slagelse Kommune, Næstved Kommune)";2011
"Alder i alt";"I alt";"4270 Høng (Kalundborg Kommune, Slagelse Kommune)";6473
"Alder i alt";"I alt";"4281 Gørlev (Kalundborg Kommune)";4961
"Alder i alt";"I alt";"4291 Ruds Vedby (Kalundborg Kommune, Sorø Kommune)";2810
"Alder i alt";"I alt";"4293 Dianalund (Kalundborg Kommune, Sorø Kommune)";5799
"Alder i alt";"I alt";"4295 Stenlille (Holbæk Kommune, Sorø Kommune)";3431
"Alder i alt";"I alt";"4296 Nyrup (Holbæk Kommune, Sorø Kommune)";704
"Alder i alt";"I alt";"4300 Holbæk (Holbæk Kommune)";37095
"Alder i alt";"I alt";"4305 Orø (Holbæk Kommune)";995
"Alder i alt";"I alt";"4320 Lejre (Køge Kommune, Roskilde Kommune, Lejre Kommune)";6508
"Alder i alt";"I alt";"4330 Hvalsø (Holbæk Kommune, Ringsted Kommune, Lejre Kommune)";7001
"Alder i alt";"I alt";"4340 Tølløse (Holbæk Kommune, Lejre Kommune)";6820
"Alder i alt";"I alt";"4350 Ugerløse (Holbæk Kommune)";1609
"Alder i alt";"I alt";"4360 Kirke Eskilstrup (Holbæk Kommune, Ringsted Kommune)";1238
"Alder i alt";"I alt";"4370 Store Merløse (Holbæk Kommune, Ringsted Kommune, Sorø Kommune)";2117
"Alder i alt";"I alt";"4390 Vipperød (Holbæk Kommune)";3684
"Alder i alt";"I alt";"4400 Kalundborg (Kalundborg Kommune)";23067
"Alder i alt";"I alt";"4420 Regstrup (Holbæk Kommune)";3580
"Alder i alt";"I alt";"4440 Mørkøv (Holbæk Kommune)";4622
"Alder i alt";"I alt";"4450 Jyderup (Holbæk Kommune, Kalundborg Kommune)";6294
"Alder i alt";"I alt";"4460 Snertinge (Holbæk Kommune, Kalundborg Kommune)";1322
"Alder i alt";"I alt";"4470 Svebølle (Holbæk Kommune, Kalundborg Kommune)";3231
"Alder i alt";"I alt";"4480 Store Fuglede (Kalundborg Kommune)";1055
"Alder i alt";"I alt";"4490 Jerslev Sjælland (Kalundborg Kommune)";2643
"Alder i alt";"I alt";"4500 Nykøbing Sj (Odsherred Kommune)";9202
"Alder i alt";"I alt";"4520 Svinninge (Holbæk Kommune)";4545
"Alder i alt";"I alt";"4532 Gislinge (Holbæk Kommune)";2163
"Alder i alt";"I alt";"4534 Hørve (Odsherred Kommune, Kalundborg Kommune)";3428
"Alder i alt";"I alt";"4540 Fårevejle (Odsherred Kommune)";3778
"Alder i alt";"I alt";"4550 Asnæs (Odsherred Kommune)";4146
"Alder i alt";"I alt";"4560 Vig (Odsherred Kommune)";3635
"Alder i alt";"I alt";"4571 Grevinge (Odsherred Kommune)";2378
"Alder i alt";"I alt";"4572 Nørre Asmindrup (Odsherred Kommune)";1080
"Alder i alt";"I alt";"4573 Højby (Odsherred Kommune)";2506
"Alder i alt";"I alt";"4581 Rørvig (Odsherred Kommune)";1293
"Alder i alt";"I alt";"4583 Sjællands Odde (Odsherred Kommune)";1158
"Alder i alt";"I alt";"4591 Føllenslev (Odsherred Kommune, Kalundborg Kommune)";1629
"Alder i alt";"I alt";"4592 Sejerø (Kalundborg Kommune)";328
"Alder i alt";"I alt";"4593 Eskebjerg (Kalundborg Kommune)";1255
"Alder i alt";"I alt";"4600 Køge (Køge Kommune, Stevns Kommune)";40932
"Alder i alt";"I alt";"4621 Gadstrup (Roskilde Kommune)";3464
"Alder i alt";"I alt";"4622 Havdrup (Roskilde Kommune, Solrød Kommune)";5182
"Alder i alt";"I alt";"4623 Lille Skensved (Køge Kommune, Roskilde Kommune, Solrød Kommune)";5578
"Alder i alt";"I alt";"4632 Bjæverskov (Køge Kommune)";5506
"Alder i alt";"I alt";"4640 Faxe (Faxe Kommune, Næstved Kommune)";6659
"Alder i alt";"I alt";"4652 Hårlev (Faxe Kommune, Stevns Kommune)";5470
"Alder i alt";"I alt";"4653 Karise (Faxe Kommune, Stevns Kommune)";3704
"Alder i alt";"I alt";"4654 Faxe Ladeplads (Faxe Kommune)";3133
"Alder i alt";"I alt";"4660 Store Heddinge (Stevns Kommune)";6434
"Alder i alt";"I alt";"4671 Strøby (Stevns Kommune)";2138
"Alder i alt";"I alt";"4672 Klippinge (Stevns Kommune)";1425
"Alder i alt";"I alt";"4673 Rødvig Stevns (Stevns Kommune)";2703
"Alder i alt";"I alt";"4681 Herfølge (Køge Kommune)";6366
"Alder i alt";"I alt";"4682 Tureby (Køge Kommune, Faxe Kommune, Stevns Kommune)";2123
"Alder i alt";"I alt";"4683 Rønnede (Faxe Kommune, Næstved Kommune)";3907
"Alder i alt";"I alt";"4684 Holmegaard (Faxe Kommune, Næstved Kommune)";8445
"Alder i alt";"I alt";"4690 Haslev (Faxe Kommune, Ringsted Kommune, Næstved Kommune)";19941
"Alder i alt";"I alt";"4700 Næstved (Næstved Kommune)";54785
"Alder i alt";"I alt";"4720 Præstø (Vordingborg Kommune)";7181
"Alder i alt";"I alt";"4733 Tappernøje (Faxe Kommune, Næstved Kommune, Vordingborg Kommune)";3609
"Alder i alt";"I alt";"4735 Mern (Vordingborg Kommune)";2004
"Alder i alt";"I alt";"4736 Karrebæksminde (Næstved Kommune)";2457
"Alder i alt";"I alt";"4750 Lundby (Næstved Kommune, Vordingborg Kommune)";3409
"Alder i alt";"I alt";"4760 Vordingborg (Vordingborg Kommune)";19168
"Alder i alt";"I alt";"4771 Kalvehave (Vordingborg Kommune)";1373
"Alder i alt";"I alt";"4772 Langebæk (Vordingborg Kommune)";677
"Alder i alt";"I alt";"4773 Stensved (Vordingborg Kommune)";1869
"Alder i alt";"I alt";"4780 Stege (Vordingborg Kommune)";6627
"Alder i alt";"I alt";"4791 Borre (Vordingborg Kommune)";1034
"Alder i alt";"I alt";"4792 Askeby (Vordingborg Kommune)";1427
"Alder i alt";"I alt";"4793 Bogø By (Vordingborg Kommune)";1187
"Alder i alt";"I alt";"4800 Nykøbing F (Guldborgsund Kommune)";26181
"Alder i alt";"I alt";"4840 Nørre Alslev (Guldborgsund Kommune)";5657
"Alder i alt";"I alt";"4850 Stubbekøbing (Guldborgsund Kommune)";3646
"Alder i alt";"I alt";"4862 Guldborg (Guldborgsund Kommune)";1145
"Alder i alt";"I alt";"4863 Eskilstrup (Guldborgsund Kommune)";2224
"Alder i alt";"I alt";"4871 Horbelev (Guldborgsund Kommune)";1294
"Alder i alt";"I alt";"4872 Idestrup (Guldborgsund Kommune)";1618
"Alder i alt";"I alt";"4873 Væggerløse (Guldborgsund Kommune)";3204
"Alder i alt";"I alt";"4874 Gedser (Guldborgsund Kommune)";1209
"Alder i alt";"I alt";"4880 Nysted (Guldborgsund Kommune)";2175
"Alder i alt";"I alt";"4891 Toreby L (Guldborgsund Kommune)";1613
"Alder i alt";"I alt";"4892 Kettinge (Guldborgsund Kommune)";1402
"Alder i alt";"I alt";"4894 Øster Ulslev (Lolland Kommune, Guldborgsund Kommune)";797
"Alder i alt";"I alt";"4895 Errindlev (Lolland Kommune)";530
"Alder i alt";"I alt";"4900 Nakskov (Lolland Kommune)";15038
"Alder i alt";"I alt";"4912 Harpelunde (Lolland Kommune)";601
"Alder i alt";"I alt";"4913 Horslunde (Lolland Kommune)";1665
"Alder i alt";"I alt";"4920 Søllested (Lolland Kommune)";2184
"Alder i alt";"I alt";"4930 Maribo (Lolland Kommune, Guldborgsund Kommune)";7852
"Alder i alt";"I alt";"4941 Bandholm (Lolland Kommune)";763
"Alder i alt";"I alt";"4942 Askø (Lolland Kommune)";33
"Alder i alt";"I alt";"4943 Torrig L (Lolland Kommune)";444
"Alder i alt";"I alt";"4944 Fejø (Lolland Kommune)";447
"Alder i alt";"I alt";"4945 Femø (Lolland Kommune)";112
"Alder i alt";"I alt";"4951 Nørreballe (Lolland Kommune)";632
"Alder i alt";"I alt";"4952 Stokkemarke (Lolland Kommune)";820
"Alder i alt";"I alt";"4953 Vesterborg (Lolland Kommune)";400
"Alder i alt";"I alt";"4960 Holeby (Lolland Kommune)";2009
"Alder i alt";"I alt";"4970 Rødby (Lolland Kommune)";4961
"Alder i alt";"I alt";"4983 Dannemare (Lolland Kommune)";1132
"Alder i alt";"I alt";"4990 Sakskøbing (Guldborgsund Kommune)";7343
"Alder i alt";"I alt";"5000 Odense C (Odense Kommune)";57127
"Alder i alt";"I alt";"5200 Odense V (Odense Kommune)";12308
"Alder i alt";"I alt";"5210 Odense NV (Odense Kommune)";17958
"Alder i alt";"I alt";"5220 Odense SØ (Odense Kommune)";18650
"Alder i alt";"I alt";"5230 Odense M (Odense Kommune)";20274
"Alder i alt";"I alt";"5240 Odense NØ (Odense Kommune)";15342
"Alder i alt";"I alt";"5250 Odense SV (Odense Kommune)";24519
"Alder i alt";"I alt";"5260 Odense S (Odense Kommune)";18616
"Alder i alt";"I alt";"5270 Odense N (Odense Kommune, Nordfyns Kommune)";18800
"Alder i alt";"I alt";"5290 Marslev (Kerteminde Kommune)";1317
"Alder i alt";"I alt";"5300 Kerteminde (Kerteminde Kommune)";8039
"Alder i alt";"I alt";"5320 Agedrup (Odense Kommune)";3769
"Alder i alt";"I alt";"5330 Munkebo (Kerteminde Kommune, Odense Kommune)";5857
"Alder i alt";"I alt";"5350 Rynkeby (Kerteminde Kommune)";830
"Alder i alt";"I alt";"5370 Mesinge (Kerteminde Kommune)";945
"Alder i alt";"I alt";"5380 Dalby (Kerteminde Kommune)";520
"Alder i alt";"I alt";"5390 Martofte (Kerteminde Kommune)";426
"Alder i alt";"I alt";"5400 Bogense (Nordfyns Kommune)";6658
"Alder i alt";"I alt";"5450 Otterup (Nordfyns Kommune)";10988
"Alder i alt";"I alt";"5462 Morud (Nordfyns Kommune)";2839
"Alder i alt";"I alt";"5463 Harndrup (Middelfart Kommune)";1452
"Alder i alt";"I alt";"5464 Brenderup Fyn (Middelfart Kommune)";2311
"Alder i alt";"I alt";"5466 Asperup (Middelfart Kommune)";1686
"Alder i alt";"I alt";"5471 Søndersø (Nordfyns Kommune)";6982
"Alder i alt";"I alt";"5474 Veflinge (Nordfyns Kommune)";1250
"Alder i alt";"I alt";"5485 Skamby (Nordfyns Kommune)";777
"Alder i alt";"I alt";"5491 Blommenslyst (Odense Kommune, Nordfyns Kommune)";1363
"Alder i alt";"I alt";"5492 Vissenbjerg (Assens Kommune, Odense Kommune, Nordfyns Kommune)";5897
"Alder i alt";"I alt";"5500 Middelfart (Middelfart Kommune)";24061
"Alder i alt";"I alt";"5540 Ullerslev (Kerteminde Kommune, Nyborg Kommune)";5058
"Alder i alt";"I alt";"5550 Langeskov (Faaborg-Midtfyn Kommune, Kerteminde Kommune, Nyborg Kommune)";6089
"Alder i alt";"I alt";"5560 Aarup (Middelfart Kommune, Assens Kommune, Nordfyns Kommune)";5821
"Alder i alt";"I alt";"5580 Nørre Aaby (Middelfart Kommune)";4503
"Alder i alt";"I alt";"5591 Gelsted (Middelfart Kommune)";2567
"Alder i alt";"I alt";"5592 Ejby (Middelfart Kommune)";3378
"Alder i alt";"I alt";"5600 Faaborg (Faaborg-Midtfyn Kommune)";14108
"Alder i alt";"I alt";"5601 Lyø (Faaborg-Midtfyn Kommune)";85
"Alder i alt";"I alt";"5602 Avernakø (Faaborg-Midtfyn Kommune)";107
"Alder i alt";"I alt";"5603 Bjørnø (Faaborg-Midtfyn Kommune)";32
"Alder i alt";"I alt";"5610 Assens (Assens Kommune)";8699
"Alder i alt";"I alt";"5620 Glamsbjerg (Assens Kommune)";5852
"Alder i alt";"I alt";"5631 Ebberup (Assens Kommune)";1754
"Alder i alt";"I alt";"5642 Millinge (Assens Kommune, Faaborg-Midtfyn Kommune)";1091
"Alder i alt";"I alt";"5672 Broby (Faaborg-Midtfyn Kommune)";6037
"Alder i alt";"I alt";"5683 Haarby (Assens Kommune)";4756
"Alder i alt";"I alt";"5690 Tommerup (Assens Kommune)";8047
"Alder i alt";"I alt";"5700 Svendborg (Svendborg Kommune)";41690
"Alder i alt";"I alt";"5750 Ringe (Faaborg-Midtfyn Kommune)";12913
"Alder i alt";"I alt";"5762 Vester Skerninge (Faaborg-Midtfyn Kommune, Svendborg Kommune)";5115
"Alder i alt";"I alt";"5771 Stenstrup (Faaborg-Midtfyn Kommune, Svendborg Kommune)";4041
"Alder i alt";"I alt";"5772 Kværndrup (Faaborg-Midtfyn Kommune, Svendborg Kommune)";2602
"Alder i alt";"I alt";"5792 Årslev (Faaborg-Midtfyn Kommune)";9407
"Alder i alt";"I alt";"5800 Nyborg (Nyborg Kommune)";20582
"Alder i alt";"I alt";"5853 Ørbæk (Faaborg-Midtfyn Kommune, Nyborg Kommune)";4727
"Alder i alt";"I alt";"5854 Gislev (Faaborg-Midtfyn Kommune)";1838
"Alder i alt";"I alt";"5856 Ryslinge (Faaborg-Midtfyn Kommune)";2252
"Alder i alt";"I alt";"5863 Ferritslev Fyn (Faaborg-Midtfyn Kommune)";1709
"Alder i alt";"I alt";"5871 Frørup (Nyborg Kommune)";1570
"Alder i alt";"I alt";"5874 Hesselager (Nyborg Kommune, Svendborg Kommune)";2181
"Alder i alt";"I alt";"5881 Skårup Fyn (Svendborg Kommune)";2829
"Alder i alt";"I alt";"5882 Vejstrup (Svendborg Kommune)";855
"Alder i alt";"I alt";"5883 Oure (Svendborg Kommune)";934
"Alder i alt";"I alt";"5884 Gudme (Svendborg Kommune)";1226
"Alder i alt";"I alt";"5892 Gudbjerg Sydfyn (Svendborg Kommune)";1040
"Alder i alt";"I alt";"5900 Rudkøbing (Langeland Kommune)";7025
"Alder i alt";"I alt";"5932 Humble (Langeland Kommune)";1702
"Alder i alt";"I alt";"5935 Bagenkop (Langeland Kommune)";678
"Alder i alt";"I alt";"5943 Strynø (Langeland Kommune)";222
"Alder i alt";"I alt";"5953 Tranekær (Langeland Kommune)";2608
"Alder i alt";"I alt";"5960 Marstal (Ærø Kommune)";2700
"Alder i alt";"I alt";"5965 Birkholm (Ærø Kommune)";12
"Alder i alt";"I alt";"5970 Ærøskøbing (Ærø Kommune)";2433
"Alder i alt";"I alt";"5985 Søby Ærø (Ærø Kommune)";815
"Alder i alt";"I alt";"6000 Kolding (Kolding Kommune)";64737
"Alder i alt";"I alt";"6040 Egtved (Kolding Kommune, Vejle Kommune)";7989
"Alder i alt";"I alt";"6051 Almind (Kolding Kommune)";2059
"Alder i alt";"I alt";"6052 Viuf (Kolding Kommune, Vejle Kommune)";955
"Alder i alt";"I alt";"6064 Jordrup (Kolding Kommune)";1239
"Alder i alt";"I alt";"6070 Christiansfeld (Haderslev Kommune, Kolding Kommune)";6024
"Alder i alt";"I alt";"6091 Bjert (Kolding Kommune)";2893
"Alder i alt";"I alt";"6092 Sønder Stenderup (Kolding Kommune)";840
"Alder i alt";"I alt";"6093 Sjølund (Kolding Kommune)";1021
"Alder i alt";"I alt";"6094 Hejls (Haderslev Kommune, Kolding Kommune)";1063
"Alder i alt";"I alt";"6100 Haderslev (Haderslev Kommune, Kolding Kommune)";33733
"Alder i alt";"I alt";"6200 Aabenraa (Aabenraa Kommune)";28343
"Alder i alt";"I alt";"6210 Barsø (Aabenraa Kommune)";10
"Alder i alt";"I alt";"6230 Rødekro (Aabenraa Kommune)";11763
"Alder i alt";"I alt";"6240 Løgumkloster (Tønder Kommune)";6217
"Alder i alt";"I alt";"6261 Bredebro (Tønder Kommune)";3019
"Alder i alt";"I alt";"6270 Tønder (Tønder Kommune)";11185
"Alder i alt";"I alt";"6280 Højer (Tønder Kommune)";2172
"Alder i alt";"I alt";"6300 Gråsten (Sønderborg Kommune)";7430
"Alder i alt";"I alt";"6310 Broager (Sønderborg Kommune)";4568
"Alder i alt";"I alt";"6320 Egernsund (Sønderborg Kommune)";1512
"Alder i alt";"I alt";"6330 Padborg (Aabenraa Kommune)";5110
"Alder i alt";"I alt";"6340 Kruså (Aabenraa Kommune)";4282
"Alder i alt";"I alt";"6360 Tinglev (Aabenraa Kommune)";4356
"Alder i alt";"I alt";"6372 Bylderup-Bov (Aabenraa Kommune)";3153
"Alder i alt";"I alt";"6392 Bolderslev (Aabenraa Kommune)";1635
"Alder i alt";"I alt";"6400 Sønderborg (Sønderborg Kommune)";36808
"Alder i alt";"I alt";"6430 Nordborg (Sønderborg Kommune)";11422
"Alder i alt";"I alt";"6440 Augustenborg (Sønderborg Kommune)";6004
"Alder i alt";"I alt";"6470 Sydals (Sønderborg Kommune)";6398
"Alder i alt";"I alt";"6500 Vojens (Haderslev Kommune)";13863
"Alder i alt";"I alt";"6510 Gram (Haderslev Kommune, Esbjerg Kommune, Vejen Kommune)";4390
"Alder i alt";"I alt";"6520 Toftlund (Haderslev Kommune, Tønder Kommune)";4818
"Alder i alt";"I alt";"6534 Agerskov (Haderslev Kommune, Tønder Kommune, Aabenraa Kommune)";1835
"Alder i alt";"I alt";"6535 Branderup J (Tønder Kommune)";664
"Alder i alt";"I alt";"6541 Bevtoft (Haderslev Kommune, Tønder Kommune)";1220
"Alder i alt";"I alt";"6560 Sommersted (Haderslev Kommune, Kolding Kommune)";2135
"Alder i alt";"I alt";"6580 Vamdrup (Kolding Kommune)";7369
"Alder i alt";"I alt";"6600 Vejen (Vejen Kommune)";15922
"Alder i alt";"I alt";"6621 Gesten (Vejen Kommune)";1301
"Alder i alt";"I alt";"6622 Bække (Vejen Kommune)";1713
"Alder i alt";"I alt";"6623 Vorbasse (Billund Kommune, Vejen Kommune, Vejle Kommune)";2021
"Alder i alt";"I alt";"6630 Rødding (Haderslev Kommune, Vejen Kommune)";10129
"Alder i alt";"I alt";"6640 Lunderskov (Kolding Kommune)";4626
"Alder i alt";"I alt";"6650 Brørup (Vejen Kommune)";6514
"Alder i alt";"I alt";"6660 Lintrup (Vejen Kommune)";653
"Alder i alt";"I alt";"6670 Holsted (Esbjerg Kommune, Vejen Kommune)";3751
"Alder i alt";"I alt";"6682 Hovborg (Varde Kommune, Vejen Kommune)";568
"Alder i alt";"I alt";"6683 Føvling (Esbjerg Kommune, Vejen Kommune)";1011
"Alder i alt";"I alt";"6690 Gørding (Esbjerg Kommune, Vejen Kommune)";2506
"Alder i alt";"I alt";"6700 Esbjerg (Esbjerg Kommune)";29694
"Alder i alt";"I alt";"6705 Esbjerg Ø (Esbjerg Kommune)";14183
"Alder i alt";"I alt";"6710 Esbjerg V (Esbjerg Kommune)";24093
"Alder i alt";"I alt";"6715 Esbjerg N (Esbjerg Kommune)";11505
"Alder i alt";"I alt";"6720 Fanø (Fanø Kommune)";3357
"Alder i alt";"I alt";"6731 Tjæreborg (Esbjerg Kommune)";3621
"Alder i alt";"I alt";"6740 Bramming (Esbjerg Kommune)";11551
"Alder i alt";"I alt";"6752 Glejbjerg (Vejen Kommune)";1196
"Alder i alt";"I alt";"6753 Agerbæk (Varde Kommune, Vejen Kommune)";1607
"Alder i alt";"I alt";"6760 Ribe (Esbjerg Kommune)";14974
"Alder i alt";"I alt";"6771 Gredstedbro (Esbjerg Kommune)";2514
"Alder i alt";"I alt";"6780 Skærbæk (Tønder Kommune)";6014
"Alder i alt";"I alt";"6792 Rømø (Tønder Kommune)";569
"Alder i alt";"I alt";"6800 Varde (Varde Kommune)";22354
"Alder i alt";"I alt";"6818 Årre (Esbjerg Kommune, Varde Kommune)";2957
"Alder i alt";"I alt";"6823 Ansager (Billund Kommune, Varde Kommune)";2763
"Alder i alt";"I alt";"6830 Nørre Nebel (Varde Kommune, Ringkøbing-Skjern Kommune)";3138
"Alder i alt";"I alt";"6840 Oksbøl (Varde Kommune)";3731
"Alder i alt";"I alt";"6851 Janderup Vestj (Varde Kommune)";1296
"Alder i alt";"I alt";"6852 Billum (Varde Kommune)";818
"Alder i alt";"I alt";"6853 Vejers Strand (Varde Kommune)";101
"Alder i alt";"I alt";"6854 Henne (Varde Kommune)";627
"Alder i alt";"I alt";"6855 Outrup (Varde Kommune)";1670
"Alder i alt";"I alt";"6857 Blåvand (Varde Kommune)";530
"Alder i alt";"I alt";"6862 Tistrup (Varde Kommune)";2027
"Alder i alt";"I alt";"6870 Ølgod (Varde Kommune, Ringkøbing-Skjern Kommune)";5745
"Alder i alt";"I alt";"6880 Tarm (Varde Kommune, Ringkøbing-Skjern Kommune)";6913
"Alder i alt";"I alt";"6893 Hemmet (Ringkøbing-Skjern Kommune)";1791
"Alder i alt";"I alt";"6900 Skjern (Ringkøbing-Skjern Kommune)";13298
"Alder i alt";"I alt";"6920 Videbæk (Ringkøbing-Skjern Kommune)";8523
"Alder i alt";"I alt";"6933 Kibæk (Herning Kommune, Ringkøbing-Skjern Kommune)";4907
"Alder i alt";"I alt";"6940 Lem St (Ringkøbing-Skjern Kommune)";2140
"Alder i alt";"I alt";"6950 Ringkøbing (Ringkøbing-Skjern Kommune)";14237
"Alder i alt";"I alt";"6960 Hvide Sande (Ringkøbing-Skjern Kommune)";3146
"Alder i alt";"I alt";"6971 Spjald (Ringkøbing-Skjern Kommune)";3154
"Alder i alt";"I alt";"6973 Ørnhøj (Herning Kommune, Ringkøbing-Skjern Kommune)";1260
"Alder i alt";"I alt";"6980 Tim (Ringkøbing-Skjern Kommune)";1801
"Alder i alt";"I alt";"6990 Ulfborg (Herning Kommune, Holstebro Kommune, Lemvig Kommune, Ringkøbing-Skjern Kommune)";4738
"Alder i alt";"I alt";"7000 Fredericia (Fredericia Kommune, Vejle Kommune)";54124
"Alder i alt";"I alt";"7080 Børkop (Vejle Kommune)";13442
"Alder i alt";"I alt";"7100 Vejle (Vejle Kommune, Hedensted Kommune)";63850
"Alder i alt";"I alt";"7120 Vejle Øst (Vejle Kommune, Hedensted Kommune)";12468
"Alder i alt";"I alt";"7130 Juelsminde (Hedensted Kommune)";8869
"Alder i alt";"I alt";"7140 Stouby (Hedensted Kommune)";1952
"Alder i alt";"I alt";"7150 Barrit (Hedensted Kommune)";1323
"Alder i alt";"I alt";"7160 Tørring (Vejle Kommune, Hedensted Kommune)";5840
"Alder i alt";"I alt";"7171 Uldum (Hedensted Kommune)";2114
"Alder i alt";"I alt";"7173 Vonge (Vejle Kommune, Hedensted Kommune)";982
"Alder i alt";"I alt";"7182 Bredsten (Vejle Kommune)";3526
"Alder i alt";"I alt";"7183 Randbøl (Vejle Kommune)";1093
"Alder i alt";"I alt";"7184 Vandel (Vejle Kommune)";1017
"Alder i alt";"I alt";"7190 Billund (Billund Kommune, Vejle Kommune)";7816
"Alder i alt";"I alt";"7200 Grindsted (Billund Kommune, Varde Kommune, Vejle Kommune)";14144
"Alder i alt";"I alt";"7250 Hejnsvig (Billund Kommune)";1950
"Alder i alt";"I alt";"7260 Sønder Omme (Billund Kommune, Herning Kommune)";2365
"Alder i alt";"I alt";"7270 Stakroge (Billund Kommune, Herning Kommune, Ringkøbing-Skjern Kommune)";426
"Alder i alt";"I alt";"7280 Sønder Felding (Herning Kommune, Ringkøbing-Skjern Kommune)";1783
"Alder i alt";"I alt";"7300 Jelling (Vejle Kommune)";6459
"Alder i alt";"I alt";"7321 Gadbjerg (Vejle Kommune)";1552
"Alder i alt";"I alt";"7323 Give (Vejle Kommune, Ikast-Brande Kommune)";11416
"Alder i alt";"I alt";"7330 Brande (Vejle Kommune, Herning Kommune, Ikast-Brande Kommune)";10220
"Alder i alt";"I alt";"7361 Ejstrupholm (Vejle Kommune, Ikast-Brande Kommune)";3053
"Alder i alt";"I alt";"7362 Hampen (Silkeborg Kommune, Ikast-Brande Kommune)";700
"Alder i alt";"I alt";"7400 Herning (Herning Kommune, Ikast-Brande Kommune, Ringkøbing-Skjern Kommune)";59814
"Alder i alt";"I alt";"7430 Ikast (Ikast-Brande Kommune)";18950
"Alder i alt";"I alt";"7441 Bording (Silkeborg Kommune, Ikast-Brande Kommune)";3947
"Alder i alt";"I alt";"7442 Engesvang (Silkeborg Kommune, Ikast-Brande Kommune)";3006
"Alder i alt";"I alt";"7451 Sunds (Herning Kommune, Ikast-Brande Kommune)";6136
"Alder i alt";"I alt";"7470 Karup J (Herning Kommune, Silkeborg Kommune, Viborg Kommune)";6782
"Alder i alt";"I alt";"7480 Vildbjerg (Herning Kommune, Ringkøbing-Skjern Kommune)";6837
"Alder i alt";"I alt";"7490 Aulum (Herning Kommune)";4919
"Alder i alt";"I alt";"7500 Holstebro (Herning Kommune, Holstebro Kommune, Struer Kommune)";45852
"Alder i alt";"I alt";"7540 Haderup (Herning Kommune, Holstebro Kommune)";1857
"Alder i alt";"I alt";"7550 Sørvad (Herning Kommune)";1683
"Alder i alt";"I alt";"7560 Hjerm (Holstebro Kommune, Struer Kommune)";1686
"Alder i alt";"I alt";"7570 Vemb (Holstebro Kommune, Lemvig Kommune)";2303
"Alder i alt";"I alt";"7600 Struer (Holstebro Kommune, Lemvig Kommune, Struer Kommune)";15934
"Alder i alt";"I alt";"7620 Lemvig (Lemvig Kommune)";13022
"Alder i alt";"I alt";"7650 Bøvlingbjerg (Lemvig Kommune)";948
"Alder i alt";"I alt";"7660 Bækmarksbro (Lemvig Kommune, Struer Kommune)";1367
"Alder i alt";"I alt";"7673 Harboøre (Lemvig Kommune)";1595
"Alder i alt";"I alt";"7680 Thyborøn (Lemvig Kommune)";1816
"Alder i alt";"I alt";"7700 Thisted (Thisted Kommune)";25263
"Alder i alt";"I alt";"7730 Hanstholm (Thisted Kommune)";2806
"Alder i alt";"I alt";"7741 Frøstrup (Thisted Kommune)";1290
"Alder i alt";"I alt";"7742 Vesløs (Thisted Kommune)";1035
"Alder i alt";"I alt";"7752 Snedsted (Thisted Kommune)";4517
"Alder i alt";"I alt";"7755 Bedsted Thy (Thisted Kommune)";2148
"Alder i alt";"I alt";"7760 Hurup Thy (Struer Kommune, Thisted Kommune)";4487
"Alder i alt";"I alt";"7770 Vestervig (Thisted Kommune)";1406
"Alder i alt";"I alt";"7790 Thyholm (Struer Kommune)";2919
"Alder i alt";"I alt";"7800 Skive (Holstebro Kommune, Skive Kommune, Viborg Kommune)";25082
"Alder i alt";"I alt";"7830 Vinderup (Holstebro Kommune, Struer Kommune, Skive Kommune)";7093
"Alder i alt";"I alt";"7840 Højslev (Skive Kommune, Viborg Kommune)";4684
"Alder i alt";"I alt";"7850 Stoholm Jyll (Viborg Kommune)";3684
"Alder i alt";"I alt";"7860 Spøttrup (Skive Kommune)";6786
"Alder i alt";"I alt";"7870 Roslev (Skive Kommune)";9554
"Alder i alt";"I alt";"7884 Fur (Skive Kommune)";730
"Alder i alt";"I alt";"7900 Nykøbing M (Morsø Kommune)";13181
"Alder i alt";"I alt";"7950 Erslev (Morsø Kommune)";3189
"Alder i alt";"I alt";"7960 Karby (Morsø Kommune)";844
"Alder i alt";"I alt";"7970 Redsted M (Morsø Kommune)";722
"Alder i alt";"I alt";"7980 Vils (Morsø Kommune)";703
"Alder i alt";"I alt";"7990 Øster Assels (Morsø Kommune)";1095
"Alder i alt";"I alt";"8000 Aarhus C (Århus Kommune)";79129
"Alder i alt";"I alt";"8200 Aarhus N (Århus Kommune)";35629
"Alder i alt";"I alt";"8210 Aarhus V (Århus Kommune)";25165
"Alder i alt";"I alt";"8220 Brabrand (Århus Kommune)";19808
"Alder i alt";"I alt";"8230 Åbyhøj (Århus Kommune)";13285
"Alder i alt";"I alt";"8240 Risskov (Århus Kommune)";33851
"Alder i alt";"I alt";"8250 Egå (Århus Kommune)";11360
"Alder i alt";"I alt";"8260 Viby J (Århus Kommune)";29081
"Alder i alt";"I alt";"8270 Højbjerg (Århus Kommune)";22318
"Alder i alt";"I alt";"8300 Odder (Horsens Kommune, Odder Kommune, Århus Kommune)";22646
"Alder i alt";"I alt";"8305 Samsø (Samsø Kommune)";3694
"Alder i alt";"I alt";"8310 Tranbjerg J (Århus Kommune)";9035
"Alder i alt";"I alt";"8320 Mårslet (Århus Kommune)";6442
"Alder i alt";"I alt";"8330 Beder (Århus Kommune)";4804
"Alder i alt";"I alt";"8340 Malling (Odder Kommune, Århus Kommune)";6216
"Alder i alt";"I alt";"8350 Hundslund (Odder Kommune)";1304
"Alder i alt";"I alt";"8355 Solbjerg (Århus Kommune)";5529
"Alder i alt";"I alt";"8361 Hasselager (Århus Kommune)";7989
"Alder i alt";"I alt";"8362 Hørning (Skanderborg Kommune, Århus Kommune)";9574
"Alder i alt";"I alt";"8370 Hadsten (Syddjurs Kommune, Favrskov Kommune)";13453
"Alder i alt";"I alt";"8380 Trige (Favrskov Kommune, Århus Kommune)";5012
"Alder i alt";"I alt";"8381 Tilst (Århus Kommune)";13370
"Alder i alt";"I alt";"8382 Hinnerup (Favrskov Kommune, Århus Kommune)";14993
"Alder i alt";"I alt";"8400 Ebeltoft (Syddjurs Kommune)";10466
"Alder i alt";"I alt";"8410 Rønde (Syddjurs Kommune)";8744
"Alder i alt";"I alt";"8420 Knebel (Syddjurs Kommune)";3289
"Alder i alt";"I alt";"8444 Balle (Syddjurs Kommune, Norddjurs Kommune)";1041
"Alder i alt";"I alt";"8450 Hammel (Favrskov Kommune, Silkeborg Kommune)";9848
"Alder i alt";"I alt";"8462 Harlev J (Århus Kommune)";5008
"Alder i alt";"I alt";"8464 Galten (Favrskov Kommune, Skanderborg Kommune, Århus Kommune)";13286
"Alder i alt";"I alt";"8471 Sabro (Favrskov Kommune, Skanderborg Kommune, Århus Kommune)";6130
"Alder i alt";"I alt";"8472 Sporup (Favrskov Kommune, Silkeborg Kommune, Skanderborg Kommune)";984
"Alder i alt";"I alt";"8500 Grenaa (Norddjurs Kommune)";18016
"Alder i alt";"I alt";"8520 Lystrup (Århus Kommune)";11776
"Alder i alt";"I alt";"8530 Hjortshøj (Århus Kommune)";5882
"Alder i alt";"I alt";"8541 Skødstrup (Århus Kommune)";9933
"Alder i alt";"I alt";"8543 Hornslet (Syddjurs Kommune, Århus Kommune)";8471
"Alder i alt";"I alt";"8544 Mørke (Syddjurs Kommune, Norddjurs Kommune)";3760
"Alder i alt";"I alt";"8550 Ryomgård (Syddjurs Kommune, Norddjurs Kommune)";4158
"Alder i alt";"I alt";"8560 Kolind (Syddjurs Kommune, Norddjurs Kommune)";3484
"Alder i alt";"I alt";"8570 Trustrup (Syddjurs Kommune, Norddjurs Kommune)";1758
"Alder i alt";"I alt";"8581 Nimtofte (Syddjurs Kommune, Norddjurs Kommune)";1177
"Alder i alt";"I alt";"8585 Glesborg (Norddjurs Kommune)";2766
"Alder i alt";"I alt";"8586 Ørum Djurs (Norddjurs Kommune)";1817
"Alder i alt";"I alt";"8592 Anholt (Norddjurs Kommune)";127
"Alder i alt";"I alt";"8600 Silkeborg (Silkeborg Kommune, Skanderborg Kommune, Ikast-Brande Kommune)";71853
"Alder i alt";"I alt";"8620 Kjellerup (Silkeborg Kommune, Viborg Kommune)";11644
"Alder i alt";"I alt";"8632 Lemming (Silkeborg Kommune)";1085
"Alder i alt";"I alt";"8641 Sorring (Favrskov Kommune, Silkeborg Kommune)";1609
"Alder i alt";"I alt";"8643 Ans By (Silkeborg Kommune, Viborg Kommune)";2839
"Alder i alt";"I alt";"8653 Them (Silkeborg Kommune)";4058
"Alder i alt";"I alt";"8654 Bryrup (Horsens Kommune, Silkeborg Kommune, Ikast-Brande Kommune)";2528
"Alder i alt";"I alt";"8660 Skanderborg (Horsens Kommune, Odder Kommune, Skanderborg Kommune, Århus Kommune)";29256
"Alder i alt";"I alt";"8670 Låsby (Skanderborg Kommune)";2521
"Alder i alt";"I alt";"8680 Ry (Horsens Kommune, Silkeborg Kommune, Skanderborg Kommune)";10980
"Alder i alt";"I alt";"8700 Horsens (Horsens Kommune, Hedensted Kommune)";78374
"Alder i alt";"I alt";"8721 Daugård (Vejle Kommune, Hedensted Kommune)";1687
"Alder i alt";"I alt";"8722 Hedensted (Vejle Kommune, Hedensted Kommune)";10084
"Alder i alt";"I alt";"8723 Løsning (Hedensted Kommune)";7181
"Alder i alt";"I alt";"8732 Hovedgård (Horsens Kommune)";3508
"Alder i alt";"I alt";"8740 Brædstrup (Horsens Kommune, Silkeborg Kommune)";8467
"Alder i alt";"I alt";"8751 Gedved (Horsens Kommune, Skanderborg Kommune)";2901
"Alder i alt";"I alt";"8752 Østbirk (Horsens Kommune)";4129
"Alder i alt";"I alt";"8762 Flemming (Horsens Kommune, Hedensted Kommune)";958
"Alder i alt";"I alt";"8763 Rask Mølle (Hedensted Kommune)";1661
"Alder i alt";"I alt";"8765 Klovborg (Horsens Kommune, Ikast-Brande Kommune)";914
"Alder i alt";"I alt";"8766 Nørre Snede (Ikast-Brande Kommune, Hedensted Kommune)";2634
"Alder i alt";"I alt";"8781 Stenderup (Horsens Kommune, Hedensted Kommune)";809
"Alder i alt";"I alt";"8783 Hornsyld (Horsens Kommune, Hedensted Kommune)";2886
"Alder i alt";"I alt";"8789 Endelave (Horsens Kommune)";150
"Alder i alt";"I alt";"8799 Tunø (Odder Kommune)";75
"Alder i alt";"I alt";"8800 Viborg (Silkeborg Kommune, Viborg Kommune)";51133
"Alder i alt";"I alt";"8830 Tjele (Viborg Kommune)";8983
"Alder i alt";"I alt";"8831 Løgstrup (Viborg Kommune)";3329
"Alder i alt";"I alt";"8832 Skals (Viborg Kommune)";3522
"Alder i alt";"I alt";"8840 Rødkærsbro (Silkeborg Kommune, Viborg Kommune)";2737
"Alder i alt";"I alt";"8850 Bjerringbro (Favrskov Kommune, Viborg Kommune)";11298
"Alder i alt";"I alt";"8860 Ulstrup (Favrskov Kommune, Randers Kommune, Viborg Kommune)";3930
"Alder i alt";"I alt";"8870 Langå (Favrskov Kommune, Randers Kommune)";8306
"Alder i alt";"I alt";"8881 Thorsø (Favrskov Kommune, Silkeborg Kommune)";2756
"Alder i alt";"I alt";"8882 Fårvang (Favrskov Kommune, Silkeborg Kommune)";2295
"Alder i alt";"I alt";"8883 Gjern (Silkeborg Kommune)";2109
"Alder i alt";"I alt";"8900 Randers C (Favrskov Kommune, Randers Kommune, Viborg Kommune)";13462
"Alder i alt";"I alt";"8920 Randers NV (Randers Kommune, Viborg Kommune)";23459
"Alder i alt";"I alt";"8930 Randers NØ (Randers Kommune)";18687
"Alder i alt";"I alt";"8940 Randers SV (Favrskov Kommune, Randers Kommune)";9212
"Alder i alt";"I alt";"8950 Ørsted (Norddjurs Kommune)";2895
"Alder i alt";"I alt";"8960 Randers SØ (Favrskov Kommune, Randers Kommune)";15836
"Alder i alt";"I alt";"8961 Allingåbro (Norddjurs Kommune)";4193
"Alder i alt";"I alt";"8963 Auning (Syddjurs Kommune, Norddjurs Kommune)";4624
"Alder i alt";"I alt";"8970 Havndal (Randers Kommune, Mariagerfjord Kommune)";3132
"Alder i alt";"I alt";"8981 Spentrup (Randers Kommune)";4372
"Alder i alt";"I alt";"8983 Gjerlev J (Randers Kommune)";3155
"Alder i alt";"I alt";"8990 Fårup (Randers Kommune, Mariagerfjord Kommune)";2889
"Alder i alt";"I alt";"9000 Aalborg (Aalborg Kommune)";78699
"Alder i alt";"I alt";"9200 Aalborg SV (Aalborg Kommune)";12958
"Alder i alt";"I alt";"9210 Aalborg SØ (Aalborg Kommune)";14875
"Alder i alt";"I alt";"9220 Aalborg Øst (Aalborg Kommune)";16931
"Alder i alt";"I alt";"9230 Svenstrup J (Rebild Kommune, Aalborg Kommune)";11373
"Alder i alt";"I alt";"9240 Nibe (Vesthimmerlands Kommune, Rebild Kommune, Aalborg Kommune)";12514
"Alder i alt";"I alt";"9260 Gistrup (Rebild Kommune, Aalborg Kommune)";7411
"Alder i alt";"I alt";"9270 Klarup (Aalborg Kommune)";5502
"Alder i alt";"I alt";"9280 Storvorde (Aalborg Kommune)";7829
"Alder i alt";"I alt";"9293 Kongerslev (Rebild Kommune, Aalborg Kommune)";2272
"Alder i alt";"I alt";"9300 Sæby (Frederikshavn Kommune)";12120
"Alder i alt";"I alt";"9310 Vodskov (Aalborg Kommune)";10779
"Alder i alt";"I alt";"9320 Hjallerup (Brønderslev Kommune, Aalborg Kommune)";6629
"Alder i alt";"I alt";"9330 Dronninglund (Brønderslev Kommune, Frederikshavn Kommune)";7795
"Alder i alt";"I alt";"9340 Asaa (Brønderslev Kommune, Frederikshavn Kommune)";1785
"Alder i alt";"I alt";"9352 Dybvad (Brønderslev Kommune, Frederikshavn Kommune)";1585
"Alder i alt";"I alt";"9362 Gandrup (Aalborg Kommune)";2498
"Alder i alt";"I alt";"9370 Hals (Brønderslev Kommune, Aalborg Kommune)";6033
"Alder i alt";"I alt";"9380 Vestbjerg (Aalborg Kommune)";3095
"Alder i alt";"I alt";"9381 Sulsted (Jammerbugt Kommune, Aalborg Kommune)";2228
"Alder i alt";"I alt";"9382 Tylstrup (Brønderslev Kommune, Jammerbugt Kommune, Aalborg Kommune)";1888
"Alder i alt";"I alt";"9400 Nørresundby (Aalborg Kommune)";24632
"Alder i alt";"I alt";"9430 Vadum (Jammerbugt Kommune, Aalborg Kommune)";4798
"Alder i alt";"I alt";"9440 Aabybro (Brønderslev Kommune, Jammerbugt Kommune, Aalborg Kommune)";11367
"Alder i alt";"I alt";"9460 Brovst (Jammerbugt Kommune)";7477
"Alder i alt";"I alt";"9480 Løkken (Brønderslev Kommune, Jammerbugt Kommune, Hjørring Kommune)";4413
"Alder i alt";"I alt";"9490 Pandrup (Jammerbugt Kommune)";6051
"Alder i alt";"I alt";"9492 Blokhus (Jammerbugt Kommune)";1429
"Alder i alt";"I alt";"9493 Saltum (Jammerbugt Kommune)";1299
"Alder i alt";"I alt";"9500 Hobro (Viborg Kommune, Rebild Kommune, Mariagerfjord Kommune)";22246
"Alder i alt";"I alt";"9510 Arden (Rebild Kommune, Mariagerfjord Kommune)";4813
"Alder i alt";"I alt";"9520 Skørping (Rebild Kommune)";6484
"Alder i alt";"I alt";"9530 Støvring (Rebild Kommune, Aalborg Kommune)";12254
"Alder i alt";"I alt";"9541 Suldrup (Vesthimmerlands Kommune, Rebild Kommune)";2732
"Alder i alt";"I alt";"9550 Mariager (Randers Kommune, Mariagerfjord Kommune)";5728
"Alder i alt";"I alt";"9560 Hadsund (Rebild Kommune, Mariagerfjord Kommune)";10469
"Alder i alt";"I alt";"9574 Bælum (Rebild Kommune)";1228
"Alder i alt";"I alt";"9575 Terndrup (Rebild Kommune)";2105
"Alder i alt";"I alt";"9600 Aars (Vesthimmerlands Kommune, Rebild Kommune)";13261
"Alder i alt";"I alt";"9610 Nørager (Vesthimmerlands Kommune, Rebild Kommune)";4024
"Alder i alt";"I alt";"9620 Aalestrup (Viborg Kommune, Vesthimmerlands Kommune, Rebild Kommune, Mariagerfjord Kommune)";5116
"Alder i alt";"I alt";"9631 Gedsted (Viborg Kommune, Vesthimmerlands Kommune)";1307
"Alder i alt";"I alt";"9632 Møldrup (Viborg Kommune, Mariagerfjord Kommune)";2664
"Alder i alt";"I alt";"9640 Farsø (Vesthimmerlands Kommune)";7629
"Alder i alt";"I alt";"9670 Løgstør (Vesthimmerlands Kommune, Jammerbugt Kommune)";7396
"Alder i alt";"I alt";"9681 Ranum (Vesthimmerlands Kommune)";1294
"Alder i alt";"I alt";"9690 Fjerritslev (Jammerbugt Kommune)";7672
"Alder i alt";"I alt";"9700 Brønderslev (Brønderslev Kommune, Jammerbugt Kommune)";18727
"Alder i alt";"I alt";"9740 Jerslev J (Brønderslev Kommune, Hjørring Kommune)";2311
"Alder i alt";"I alt";"9750 Østervrå (Brønderslev Kommune, Frederikshavn Kommune, Hjørring Kommune)";2559
"Alder i alt";"I alt";"9760 Vrå (Brønderslev Kommune, Hjørring Kommune)";5172
"Alder i alt";"I alt";"9800 Hjørring (Hjørring Kommune)";33866
"Alder i alt";"I alt";"9830 Tårs (Frederikshavn Kommune, Hjørring Kommune)";3226
"Alder i alt";"I alt";"9850 Hirtshals (Hjørring Kommune)";8484
"Alder i alt";"I alt";"9870 Sindal (Frederikshavn Kommune, Hjørring Kommune)";6268
"Alder i alt";"I alt";"9881 Bindslev (Frederikshavn Kommune, Hjørring Kommune)";2569
"Alder i alt";"I alt";"9900 Frederikshavn (Frederikshavn Kommune, Hjørring Kommune)";29185
"Alder i alt";"I alt";"9940 Læsø (Læsø Kommune)";1759
"Alder i alt";"I alt";"9970 Strandby (Frederikshavn Kommune)";2469
"Alder i alt";"I alt";"9981 Jerup (Frederikshavn Kommune)";901
"Alder i alt";"I alt";"9982 Ålbæk (Frederikshavn Kommune, Hjørring Kommune)";1730
"Alder i alt";"I alt";"9990 Skagen (Frederikshavn Kommune)";7624
"Alder i alt";"I alt";"9999 Ukendt";11823
